,,,
,basil,,chili powder
,oregano,Amaranth,
,italian seasoning,,
,,Aubergine,taco seasoning
,    basil,,
,    marjoram,,cumin
,    oregano,Bean Curd,paprika
,    rosemary,Bean Sauce,
,    thyme,Bird's Nest,
,coriander,,adobo
,nutmeg,Blanch,mexican cinnamon
,,,cilantro
cinnamon,,,mexican oregano
,,Braise,
,,,
,,,
,,,
,,,
,,Choi Sum,
,,Cilantro,
,,Cloud Ears,
,,Cornflour,
,,,
,,Dried Lily Buds,
,,Dried Tangerine Peel,
,,,
,,Fish Sauce,
,,,
,,Ginger ,
,,,
,,,
,,,
,,Julienne,
,,,
,,,
,,Mangetout,
,,Mangosteen,
,,,
,,,
,,,
,,Oil Poaching,
,,,
,,,
,,,
,,,
,,,
,,,
,,Soy Bean Curd,
,,Soy Sauce,
,,,
,,,
,,,
,,,
,,,
,,,
,,Teriyaki ,
,,sesame,
,,kung pao,
,,sesame,
,,masala,
,,naan,
,,vindaloo,
,,coconut curry,
,,turmeric,